,,,,,,,,,,,,,,,,,,,,,,,,,,,,,,,,,,,,,,,,,,,,,,,,,,,,,,,,,,,,,,,,,,,,,,,,,,,
,,,,,,,,,,,,,,,,,,,,,,,,,,,,,,,,,,,,,,,,,,,,,,,,,,,,,,,,,,,,,,,,,,,,,,,,,,,
,,,,,,,,,,,,,,,,,,,,,,,,,,,,,,,,,,,,,,,,,,,,,,,,,,,,,,,,,,,,,,,,,,,,,,,,,,,
,,,,,,,,,,,,,,,,,,,,,,,,,,,,,,,,,,,,,,,,,,,,,,,,,,,,,,,,,,,,,,,,,,,,,,,,,,,
,,,,,,,,,,,,,,,,,,,,,,,,,,,,,,,,,,,,,,,,,,,,,,,,,,,,,,,,,,,,,,,,,,,,,,,,,,,
,,,,,,,,,,,,,,,,,,,,,,,,,,,,,,,,,,,,,,,,,,,,,,,,,,,,,,,,,,,,,,,,,,,,,,,,,,,
,,,,,,,,,,,,,,,,,,,,,,,,,,,,,,,,,,,,,,,,,,,,,,,,,,,,,,,,,,,,,,,,,,,,,,,,,,,
,,,,,,,,,,,,,,,,,,,,,,,,,,,,,,,,,,,,,,,,,,,,,,,,,,,,,,,,,,,,,,,,,,,,,,,,,,,
,,,,,,,,,,,,,,,,,,,,,,,,,,,,,,,,,,,,,,,,,,,,,,,,,,,,,,,,,,,,,,,,,,,,,,,,,,,
,,,,,,,,,,,,,,,,,,,,,,,,,,,,,,,,,,,,,,,,,,,,,,,,,,,,,,,,,,,,,,,,,,,,,,,,,,,
,,,,,,,,,,,,,,,,,,,,,,,,,,,,,,,,,,,,,,,,,,,,,,,,,,,,,,,,,,,,,,,,,,,,,,,,,,,
,,,,,,,,,,,,,,,,,,,,,,,,,,,,,,,,,,,,,,,,,,,,,,,,,,,,,,,,,,,,,,,,,,,,,,,,,,,
,,,,,,,,,,,,,,,,,,,,,,,,,,,,,,,,,,,,,,,,,,,,,,,,,,,,,,,,,,,,,,,,,,,,,,,,,,,
,,,,,,,,,,,,,,,,,,,,,,,,,,,,,,,,,,,,,,,,,,,,,,,,,,,,,,,,,,,,,,,,,,,,,,,,,,,
,,,,,,,,,,,,,,,,,,,,,,,,,,,,,,,,,,,,,,,,,,,,,,,,,,,,,,,,,,,,,,,,,,,,,,,,,,,
,,,,,,,,,,,,,,,,,,,,,,,,,,,,,,,,,,,,,,,,,,,,,,,,,,,,,,,,,,,,,,,,,,,,,,,,,,,
,,,,,,,,,,,,,,,,,,,,9bligsap:-1:5,,,,,,,,,,,,,,,,,,,,,,,,,,,,,,,,,,,,,,,,,,,,,,,,,,,,,,,
,,,,,,,,,,,,,,,,,,,,9bligblock:9:10,9bligthin:7:10,,,,,,,,,,,,,,,,,,,,,,,,,,,,,,,,,,,,,,,,,,,,,,,,,,,,,,
,,,,,,,,,,,,,,,,,,,,,,,,,,,,,,,,,,,,,,,,,,,,,,,,,,,,,,,,,,,,,,,,,,,,,,,,,,,
,,,,,,,,,,,,,,,,,,,,9bligshaft:7:10,,,,,,,,,,,,,,,,,,,,,,,,,,,,,,,,,,,,,,,,,,,,,,,,,,,,,,,
,,,,,,,,,,,,,,,,,,,,,,,,,,,,,,,,,,,,,,,,,,,,,,,,,,,,,,,,,,,,,,,,,,,,,,,,,,,
,,,,,,,,,,,,,,,,,,,,9bligshaft:7:10,,,,,,,,,,,,,,,,,,,,,,,,,,,,,,,,,,,,,,,,,,,,,,,,,,,,,,,
,,,,,,,,,,,,,,,,,,,,,,,,,,,,,,,,,,,,,,,,,,,,,,,,,,,,,,,,,,,,,,,,,,,,,,,,,,,
,,,,,,,,,,,,,,,,,,,,9bligshaft:7:10,,,,,,,,,,,,,,,,,,,,,,,,,,,,,,,,,,,,,,,,,,,,,,,,,,,,,,,
,,,,,,,,,,,,,,,,,,,,,,,,,,,,,,,,,,,,,,,,,,,,,,,,,,,,,,,,,,,,,,,,,,,,,,,,,,,
,,,,,,,,,,,,,,,,,,,,9bligshaft:7:10,,,,9bligblock:9:50,,,,,9bligthin:8:50,9bligthin:8:50,9bligsl:-1:30,,,,,,,,,,,,,,,,,,,,,,,,,,,,,,,,,,,,,,,,,,,,
,,,,,,,,,,,,,,,,,,,,,,,,9bliglr:-1:10,9bligshaft:8:50,,9bligshaft:8:50,,9bligthin:8:50,9bligsl:-1:30,9bligthin:7:30,,,,,,,,,,,,,,,,,,,,,,,,,,,,,,,,,,,,,,,,,,,,
,,,,,8archbirth:-1:-30,,,,,,,,,,,,,,,9bligshaft:7:10,,,,9bligthin:7:10,9bligblock:9:10,,,,,9bliglu:-1:-10,9bligthin:7:30,,,,,,,,,,,,,,,,,,,,,,,,,,,,,,,,,,,,,,,,,,,,
,,,,,,,,,,,,,,,,,,,,,,,,,,,,,,9bligthin:7:-10,9bligthin:7:30,,,,,,,,,,,,,,,,,,,,,,,,,,,,,,,,,,,,,,,,,,,,
,,,,,8archshaft:7:-30,,,,,,,,,,,,,,,9bligshaft:7:10,,,,9bligshaft:7:10,,,,,,9bliglu:-1:-50,9bligthin:7:30,,,,,,,,,,,,,,,,,,,,,,,,,,,,,,,,,,,,,,,,,,,,
,,,,,,,,,,,,,,,,,,,,,,,,,,,,,,9bligthin:7:-50,9bligthin:7:30,,,,,,,,,,,,,,,,,,,,,,,,,,,,,,,,,,,,,,,,,,,,
,,,,,8archshaft:7:-30,,,,,,,,,,,,,,,9bligshaft:7:10,,,,9bligshaft:7:10,,,,,,9bligthin:7:-50,9bligthin:7:30,,,,,,,,,,,,,,,,,,,,,,,,,,,,,,,,,,,,,,,,,,,,
,,,,,,,,,,,,,,,,,,,,9bligblock:9:10,9bligsu:2:-10,,,,,,,,,9bligll:1:-50,9bligthin:7:30,,,,,,,,,,,,,,,,,,,,,,,,,,,,,,,,,,,,,,,,,,,,
,,,,,8archshaft:7:-30,,,,,,,,,,,,,,,,9bliglr:-1:-50,9bligshaft:8:-10,,9bligbls:7:10,,9bligshaft:8:-10,,9bligshaft:8:-10,,9bligthin:8:-10,9bliglu:0:-10,,,,,,,,,,,,,,,,,,,,,,,,,,,,,,,,,,,,,,,,,,,,
,,,,,,,,,,,,,,,,,,,,,9bligthin:7:-50,,,,,,,,,,,,,,,,,,,,,,,,,,,,,,,,,,,,,,,,,,,,,,,,,,,,,,
,,,,,8archshaft:7:-30,,,,,,,,,,,,,,,,9bligthin:7:-50,,,9bligshaft:7:10,,,,,,,,,,,,,,,,,,,,,,,,,,,,,,,,,,,,,,,,,,,,,,,,,,,
,,,,,,,,,,,,,,,,,,,,,9bligthin:7:-50,,,,,,,,,,,,,,,,,,,,,,,,,,,,,,,,,,,,,,,,,,,,,,,,,,,,,,
,,,,,8archshaft:7:-30,,,,,,,,,,,,,,,,9bligthin:7:-50,,,9bligshaft:7:10,,,,,,,,,,,,,,,,,,,9bligboss:-1:-50,,,,,,,,,,,,,,,,,,,,,,,,,,,,,,,,
,,,,,,,,,,,,,,,,,,,,,9bligthin:7:-50,,,,,,,,,,,,,,,,,,,,,,9bligthin:7:-50,9bligliblo:-1:-50,9bligblock:9:-50,,,,,,,,,,,,,,,,,,,,,,,,,,,,,,
,,,,,8archshaft:7:-30,,,,,,,,,,,,,,,,9bligthin:7:-50,,,9bligshaft:7:10,,,,,,,,,9bligcrush:-1:-50,,,,,,,,,,9bligld:1:-50,,,,,,,,,,,,,,,,,,,,,,,,,,,,,,,,
,,,,,,,,,,,,,,,,,,,,,9bliglr:1:-50,,,,,,,,,,,9bligsl:-1:-30,9bliglr:1:-50,,,,,,,,,9bligsec:0:-10,9bligport:0:-10,9bligpow5:-1:-50,,,,,,,,,,,,,,,,,,,,,,,,,,,,,,,
,,,,,8archshaft:7:-30,,,,,,,,,,,,,,,,9bliglr:-1:-50,9bligshaft:8:-10,,9bligbls:7:10,,9bligshaft:8:-10,,9bligshaft:8:-10,,9bligshaft:8:-10,,9bligabt:7:-30,9bligthin:8:-10,9bligshaft:8:-10,,9bligshaft:8:-10,,9bligshaft:8:-10,,9bligshaft:8:-10,,9bligblock:9:-10,,,,,,,,,,,,,,,,,,,,,,,,,,,,,,,,,
,,,,,,,,,,,,,,,,,,,,,9bligthin:7:-50,,,,,,,,,,,9bligthin:7:-30,,,,,,,,,,,,9bligpow4:-1:-50,,,,,,,,,,,,,,,,,,,,,,,,,,,,,,,
,,,,,8archshaft:7:-30,,,,,,,,,,,,,,,,9bligthin:7:-50,,,9bligshaft:7:10,,,,,,,,9bligthin:7:-30,,,,,,,,,,,,,,,,,,,,,,,,,,,,,,,,,,,,,,,,,,,
8archld:2:10,8archthin:8:10,8archthin:8:10,8archpipe:0:10,,8archblock:9:-30,8archthin:7:-30,,,,,,,,,,,,,,,9bligthin:7:-50,,,,,,,,,,,9bligthin:7:-30,,,,,,,,,,,,9bligpow3:-1:-50,,,,,,,,,,,,,,,,,,,,,,,,,,,,,,,
8archthin:7:50,8archld:2:10,8archthin:8:10,8archthin:8:10,8archthin:8:10,8archll:-1:-30,8archthin:7:-30,,,,,,,,,,,,,,,9bligthin:7:-50,,,9bligshaft:7:10,,,,,,,,9bliglr:1:-30,9bligsl:-1:-10,,,,,,,,,,,,,,,,,,,,,,,,,,,,,,,,,,,,,,,,,,
,,,,,,,,,,,,,,,,,,,,,9bligthin:7:-50,9bligmr:-1:-50,9bligthin:8:-20,9bligmu:0:-20,9bligthin:7:10,,,,,,,,9bligthin:7:-10,,,,,,,,,,,9bligpow2:-1:-50,,,,,,,,,,,,,,,,,,,,,,,,,,,,,,,
8archshaft:7:50,,,,,8archshaft:7:-30,,,,,,,,,,,,,,,,,,,,9bligthin:7:10,,,,,,,,9bligthin:7:-10,,,,,,,,,,,,,,,,,,,,,,,,,,,,,,,,,,,,,,,,,,
,,,,,,,,,,,,,,,,,,,,,9bligshaft:7:-50,,,,9bligthin:7:10,9bligblock:9:30,,,,,,,9bligll:1:-10,9bligblock:9:30,,,,,9bligblock:9:30,,,,,9bligpow1:-1:-50,,,,,,,,,,,,,,,,,,,,,,,,,,,,,,,
8archshaft:7:50,,,,,8archshaft:7:-30,,,,,,,,,,,,,,,,,,,,9bligthin:7:10,9bligsr:-1:10,9bligshaft:8:30,,9bligshaft:8:30,,9bligshaft:8:30,,9bligthin:8:30,9bligthin:8:30,9bligshaft:8:30,,9bligshaft:8:30,,9bligblock:9:30,,,,,,,,,,,,,,,,,,,,,,,,,,,,,,,,,,,,
,,,,,,,,,,,,,,,,,,,,,9bligshaft:7:-50,,,,,,,,,,,,,,,,,,,,,,,9bligshaft:7:-50,,,,,,,,,,,,,,,,,,,,,,,,,,,,,,,
8archshaft:7:50,,,,,8archshaft:7:-30,,,,,,,,,,,,,,,,,,,,9bligshaft:7:10,,,,,,,,,,,,,,,,,,,,,,,,,,,,,,,,,,,,,,,,,,,,,,,,,,
,,,,,,,,,,,,,,,,,,,,,9bligshaft:7:-50,,,,,,,,,,,,,,,,,,,,,,,9bligshaft:7:-50,,,,,,,,,,,,,,,,,,,,,,,,,,,,,,,
8archshaft:7:50,,,,,8archshaft:7:-30,,,,,,,,,,,,,,,,,,,,9bligshaft:7:10,,,,,,,,,,,,,,,,,,,9bligblock:9:-50,9bligthin:7:-50,,,,,,,,,,,,,,,,,,,,,,,,,,,,,,
,,,,,,,,,,,,,,8archinc3:0:-70,,8archinc6:0:-70,,8archinc9:0:-70,,,9bligshaft:7:-50,,,,,,,,,,,,,,,,,,,,,,,,9bligthin:7:-50,,,,,,,,,,,,,,,,,,,,,,,,,,,,,,
8archshaft:7:50,,,,,8archshaft:7:-30,,,,,,,,,,,,,,,,,,,,9bligshaft:7:10,,,,,,,,,,,,,,,,,,,,9bligthin:7:-50,,,,,,,,,,,,,,,,,,,,,,,,,,,,,,
,,,,,,,,,,,,,,8archinc2:0:-70,,8archinc5:0:-70,,8archinc8:0:-70,,,9bligshaft:7:-50,,,,,,,,,,,,,,,,,,,,,,,,9bligthin:7:-50,,,,,,,,,,,,,,,,,,,,,,,,,,,,,,
8archshaft:7:50,,,,,8archshaft:7:-30,,,,,,,,,,,,,,,,,,,,9bligshaft:7:10,,,,,,,,,,,,,,,,,,,,9bligthin:7:-50,,,,,,,,,,,,,,,,,,,,,,,,,,,,,,
8archthin:7:50,8archblock:9:50,,,,8archblock:9:-30,8archlu:2:-70,8archthin:8:-70,8archthin:8:-70,,,,,8archthin:8:-70,8archinc1:0:-70,,8archinc4:0:-70,,8archinc7:0:-70,,,9bligshaft:7:-50,,,,9bligthin:7:10,9bligthin:7:10,,,,,,,,,,,,,,,,,,,9bligthin:7:-50,,,,,,,,,,,,,,,,,,,,,,,,,,,,,,
8archthin:7:50,,8archblock:9:-70,,,,,,,8archshaft:8:-70,,8archshaft:8:-70,,8archblock:9:-70,,,,,,,,,,,,9bligthin:7:10,9bligthin:7:10,,,,,,,,,,,,,,,,,,,9bligthin:7:-50,,,,,,,,,,,,,,,,,,,,,,,,,,,,,,
8archlu:2:10,8archll:-1:-30,8archld:2:-70,8archshaft:8:-70,,8archshaft:8:-70,,8archshaft:8:-70,,8archsd:0:-70,,,,,,,,,,,,9bligshaft:7:-50,,,,9bligsu:-1:-10,9bligthin:7:10,9bligess:1:-40,,9bligess:2:-40,,,,,,,,,,,,,,,,9bligthin:7:-50,,,,,,,,,,,,,,,,,,,,,,,,,,,,,,
,,,,,,,,8archblock:9:-50,8archthin:7:-50,,,,,,,,,9bligblock:9:-30,,,,,9bligthin:8:-30,9bligthin:8:-30,9bligblt:7:-10,9bliglu:0:-30,,,,,,,,,,,,,,,,,,,9bligthin:7:-50,,,,,,,,,,,,,,,,,,,,,,,,,,,,,,
,8archshaft:7:-30,,,,,,,,,,,,,,,,9bligsr:-1:-50,9bligthin:8:-30,9bligshaft:8:-30,,9bligabs:7:-50,,9bligblock:9:-30,,9bligthin:7:-10,,9bligess:0:-40,,9bligessent:-1:-40,,,,,,,,,,,,,,,,9bligthin:7:-50,,,,,,,,,,,,,,,,,,,,,,,,,,,,,,
,,,,,,,,8archshaft:7:-50,,,,,,8archwisp3:-1:10,,,9bligthin:7:-50,,,,,,9bligblock:9:-70,9bligblock:9:-70,9bligthin:7:-10,9bligblock:9:-10,9bligblock:9:-20,9bligsr:-1:-20,9bligthin:8:0,9bligll:1:-40,,,,,,,,,,,,,,,9bligthin:7:-50,,,,,,,,,,,,,,,,,,,,,,,,,,,,,,
,8archshaft:7:-30,,,,,,,,,,,,,,,,,,,,9bligshaft:7:-50,,,,,,,,,,,,,,,,,,,,,,,,9bligthin:7:-50,,,,,,,,,,,,,,,,,,,,,,,,,,,,,,
,,,,,,,,8archshaft:7:-50,,,,,,8archshaft:7:10,,,9bligessent:1:-50,,9bligess:2:-50,,,,9bligshaft:7:-70,,9bligshaft:7:-10,,9bligshaft:7:-20,,,,,,,,,,,,,,,,,,9bligthin:7:-50,,,,,,,,,,,,,,,,,,,,,,,,,,,,,,
,8archshaft:7:-30,,,,,,,,,,,,,,,,,,,,9bligshaft:7:-50,,,,,,,,,,,,,,,,,,,,,,,,9bligthin:7:-50,,,,,,,,,,,,,,,,,,,,,,,,,,,,,,
,,,,8archlr:-1:-70,8archsd:0:-30,8archblock:9:-10,,8archshaft:7:-50,,,,,,8archshaft:7:10,,,9bligess:0:-50,,9bligess:-1:-50,,9bligblock:9:-50,9bligthin:7:-50,9bligshaft:7:-70,,9bligshaft:7:-10,,9bligshaft:7:-20,,,,,,,,,,,,,,,,,,9bligthin:7:-50,,,,,,,,,,,,,,,,,,,,,,,,,,,,,,
,8archshaft:7:-30,,,8archthin:7:-70,,,,8archblock:9:-50,8archlr:1:-50,8archthin:8:-10,8archthin:8:-10,,,,,,,,,,,9bligll:1:-50,,,,,,,,,,,,,,,,,,,,,,,9bligthin:7:-50,,,,,,,,,,,,,,,,,,,,,,,,,,,,,,
,8archthin:7:-30,8archsu:2:-50,8archthin:8:-50,8archsl:1:-70,8archshaft:7:-10,,,,,,8archsr:-1:-30,8archshaft:8:-10,,8archbls:7:10,,8archshaft:8:-10,,9bligentry:0:-10,,9bligshaft:8:-10,,9bligll:-1:-50,9bligshaft:7:-70,,9bligshaft:7:-10,,9bligshaft:7:-20,,,,,,,,,,,,,,,,,,9bligthin:7:-50,,,,,,,,,,,,,,,,,,,,,,,,,,,,,,
,8archthin:7:-30,8archblock:9:10,,,,,,,,,8archll:1:-30,,,,,,,,,,,9bligthin:7:-50,,,,,,,,,,,,,,,,,,,,,,,9bligthin:7:-50,,,,,,,,,,,,,,,,,,,,,,,,,,,,,,
,8archthin:7:-30,8archlr:-1:-30,8archshaft:8:10,,8archabs:7:-10,,8archshaft:8:10,,8archshaft:8:10,,8archsl:-1:-10,,,8archshaft:7:10,,8archmr:-1:10,8archthin:8:40,8archsd:0:40,8archblock:9:60,,,9bligthin:7:-50,9bligshaft:7:-70,,9bligshaft:7:-10,,9bligshaft:7:-20,,,,,,,,,,,,,,,,,,9bligthin:7:-50,,,,,,,,,,,,,,,,,,,,,,,,,,,,,,
,8archthin:7:-30,8archthin:7:-30,,,,,,,,,8archmr:1:-10,8archml:-1:-10,,,,8archthin:7:10,,,,,,9bligdark:1:-50,,,,,,,,,,,,,,,,,,,,,,,9bligthin:7:-50,,,,,,,,,,,,,,,,,,,,,,,,,,,,,,
,8archthin:7:-30,8archthin:7:-30,,,8archshaft:7:-10,,,,,,,8archlr:1:-10,8archll:-1:-10,8archshaft:7:10,,8archthin:7:10,,8archshaft:7:60,,,,,9bligshaft:7:-70,,9bligshaft:7:-10,,9bligshaft:7:-20,,,,,,,,,,,,,,,,,,9bligthin:7:-50,,,,,,,,,,,,,,,,,,,,,,,,,,,,,,
,,,,,,,8archld:2:-30,8archthin:8:-30,8archmd:0:-30,8archld:2:-40,8archthin:8:-40,8archthin:8:-40,8archmu:0:-40,8archthin:7:10,,,,,,,,,,,,,,,,,,,,,,,,,,,,,,,9bligthin:7:-50,,,,,,,,,,,,,,,,,,,,,,,,,,,,,,
,8archshaft:7:-30,,,,8archshaft:7:-10,,8archthin:7:10,8archblock:9:-20,,,,,8archthin:8:-20,8archmu:0:-20,8archshaft:7:10,,,8archshaft:7:60,,,,,9bligshaft:7:-70,,9bligshaft:7:-10,,9bligshaft:7:-20,,,,,,,,,,,,,,,,,,9bligthin:7:-50,,,,,,,,,,,,,,,,,,,,,,,,,,,,,,
,,,,,,,8archmu:2:-20,8archthin:8:-20,8archbls:7:-0,,8archshaft:8:-20,,8archld:0:-20,,,,,8archwisp4:1:60,,,,,,,,,,,,,,,,,,,,,,,,,,,9bligmr:1:-50,9bligthin:8:-20,9bligthin:8:-20,9bligthin:8:-20,9bligsd:0:-20,,,,,,,,,,,,,,,,,,,,,,,,,,
,8archshaft:7:-30,,,,8archshaft:7:-10,,,,,,,,8archll:1:20,,8archshaft:7:10,,,,,,,,9bligshaft:7:-70,,9bligshaft:7:-10,,9bligshaft:7:-20,,,,,,,,,,,,,,,,,,,,,,9bligthin:7:0,,,,,,,,,,,,,,,,,,,,,,,,,,
,,,,,,,,,8archshaft:7:-0,,,8archwisp2:2:60,8archblock:9:60,,,,,,,,,,9bligthin:7:-70,9bligsr:-1:-70,9bliglu:0:-50,9bligmu:2:-40,9bligsu:0:-40,9bligthin:7:-20,,,,,,,,,,,,,,,,,,,,,9bligthin:7:0,,,,,,,,,,,,,,,,,,,,,,,,,,
,8archshaft:7:-30,,,,8archshaft:7:-10,,,,,,,,,,8archshaft:7:10,,8archblock:9:10,,,,,,9bligthin:7:-70,9bligblock:9:-70,,,,9bligthin:7:-20,,,,,,,,,,,,,,,,,,,,,9bligthin:7:0,,,,,,,,,,,,,,,,,,,,,,,,,,
,,,,,,,,,8archshaft:7:-0,,,,,,8archthin:7:10,,,,,,,,,,,,,9bligsu:-1:-40,,,,,,,,,,,,,,,,,,,,,9bligthin:7:0,,,,,,,,,,,,,,,,,,,,,,,,,,
,8archshaft:7:-30,,,,8archshaft:7:-10,,,,8archthin:7:0,8archblock:9:0,,,,,8archthin:7:10,8archshaft:7:10,,,,,,,9bligshaft:7:-70,,,,,9bligld:1:-40,,,,,,,,,,,,,,,,,,,,,9bligthin:7:0,,,,,,,,,,,,,,,,,,,,,,,,,,
,,,,,8archthin:7:-10,8archthin:7:-10,,,8archmu:2:-30,,,,,8archthin:8:-30,8archlu:0:-30,,,,,,,,9bligsl:1:-70,9bligmr:1:-70,9bligsr:0:-40,9bligthin:8:-20,9bligthin:8:-20,9bligsu:0:-20,,,,,,,,,,,,,,,,,,,,,9bliglu:2:-40,9bligthin:8:-40,9bligthin:8:-40,9bligthin:8:-40,9bligthin:8:-40,9bligsd:0:-40,9bligblock:9:-20,,,,,,,,,,,,,,,,,,,,
,8archshaft:7:-30,,,,8archthin:7:-10,8archthin:7:-10,8archsd:2:-30,8archthin:8:-30,8archthin:8:-30,8archshaft:8:-30,,8archshaft:8:-30,,8archthin:8:-30,8archld:0:-30,8archshaft:7:10,,,9bligess:1:-50,,9bligessent:2:-50,,,,,,,,,,,,,,,,,,,,,,,,,,,,,,,,,,,,,,,,,,,,,,,,,,,,,,
,8archblock:9:-30,8archthin:7:-30,,,8archthin:7:-10,8archthin:7:-10,8archthin:7:-10,,,8archsr:-1:30,8archthin:8:50,,,8archthin:8:50,8archll:1:10,8archblock:9:10,8archthin:7:10,,,,,,,,,,,,,,,,,,,,,,,,,,,,,,,,,,,,,9bligshaft:7:-20,,,,,,,,,,,,,,,,,,,,,
8archmd:2:-50,8archthin:8:-50,8archblt:7:-30,8archthin:8:-50,8archthin:8:-50,8archlu:0:-50,8archthin:7:-10,8archthin:7:-10,,,8archthin:7:30,8archsr:-1:30,8archshaft:8:50,,8archthin:8:50,8archthin:8:50,8archthin:8:50,8archll:1:10,,9bligess:0:-50,,9bligess:-1:-50,,,,,,,,,,,,,,,,,,,,,,,,,,,,,,,,,,,,,,,,,,,,,,,,,,,,,,
8archthin:7:-20,,8archthin:7:-30,,,,8archthin:7:-10,8archthin:7:-10,,,8archthin:7:30,8archthin:7:30,,,,,,,,,,,,,,,,,,,,,,,,,,,,,,,,,,,,,,,,,,,9bligshaft:7:-20,,,,,,,,,,,,,,,,,,,,,
8archthin:7:-20,8archld:2:-60,8archmu:0:-60,,,,,,,,8archthin:7:30,8archthin:7:30,,,,7augment:1:-73,,7augment:2:-73,,,,,,,,,,,,,,,,,,,,,,,,,,,,,,,,,,,,,,,,,,,,,,,,,,,,,,,,,,
,,,,,,8archshaft:7:-10,,,8archsd:2:10,8archblt:7:30,8archsu:0:10,,,,,,,,,,,,,,,,,,,,,,,,,,,,,,,,,,,,,,,,,,,9bligshaft:7:-20,,,,,,,,,,,,,,,,,,,,,
8archshaft:7:-20,,,,,,,,,8archthin:7:30,8archthin:7:30,,,,7lumturn:-1:-70,7lumboss:0:-73,,7augment:-1:-73,,,,,,,,,,,,,,,,,,,,,,,,,,,,,,,,,,,,,,,,,,,,,,,,,,,,,,,,,,
,,8archport:2:-20,,,8archblock:9:-20,8archshaft:7:-10,,,8archthin:7:30,8archthin:7:30,,,,7lumshaft:7:-70,,,,,,,,,,,,,,,,,,,,,,,,,,,,,,,,,,,,,,,,9bligshaft:7:-20,,,,,,,,,,,,,,,,,,,,,
8archshaft:7:-20,,8archsr:-1:-40,8archshaft:8:-20,,8archsl:-1:-40,,,,,,,,,7lumshaft:7:-70,,,,,,,,,,,,,,,,,,,,,,,,,,,,,,,,,,,,,,,,,,,,,,,,,,,,,,,,,,,,,
,,8archthin:7:-40,,,8archthin:7:-40,8archshaft:7:-10,,,8archshaft:7:30,,,7lumturn:-1:-50,7lumupl:2:-70,7lumtsect:0:-70,,,,,,,,,,,,,,,,,,,,,,,,,,,,,,,,,,,,,,,,9bligshaft:7:-20,,,,,,,,,,,,,,,,,,,,,
8archshaft:7:-20,,8archthin:7:-40,,,8archthin:7:-40,,,,8archwisp1:1:30,,,7lumups:1:-50,,7lumshaft:7:-70,,,,,,,,,,,,,,,,,,,,,,,,,,,,,,,,,,,,,,,,,,,,,,,,,,,,,,,,,,,,,
,,8archthin:7:-40,,,8archthin:7:-40,8archshaft:7:-10,,,7lumturn:-1:-30,7lumupl:2:-50,7lumshaft:8:-50,7lumcbelow:7:-40,7lumturn:0:-50,7lumupl:1:-70,,,,,,,,,,,,,,,,,,,,,,,,,,,,,,,,,,,,,,,,9bligshaft:7:-20,,,,,,,,,,,,,,,,,,,,,
8archshaft:7:-20,,8archsu:2:-60,,,8archsu:0:-60,,,,7lumshaft:7:-30,,,7lumupl:1:-40,7lumturn:2:-50,7lumturn:1:-50,,,,,,,,,,,,,,,,,,,,,,,,,,,,,,,,,,,,,,,,,,,,,,,,,,,,,,,,,,,,,
8archthin:7:-20,8archlu:2:-60,8archthin:8:-60,8archshaft:8:-60,,8archld:0:-60,8archshaft:7:-10,,,7lumtsect:2:-30,7lumshaft:8:-30,7lumturn:0:-30,7lumturn:2:-20,7lumshaft:8:-20,7lumturn:0:-20,,,,,,,,,,,,,,,,,,,,,,,,,,,,,,,,,,,,,,,,9bligshaft:7:-20,,,,,,,,,,,,,,,,,,,,,
8archthin:7:-20,,,,,8archthin:7:-20,,,,7lumupl:1:-30,,7lumupl:1:-30,,,7lumshaft:7:-20,,,,,,,,,,,,,,,,,,,,,,,,,,,,,,,,,,,,,,,,,,,,,,,,,,,,,,,,,,,,,
8archmu:2:-50,8archthin:8:-50,8archthin:8:-50,8archthin:8:-50,8archthin:8:-50,8archmu:0:-50,8archentry:-1:-10,,,7lumshaft:7:-10,,7lumups:1:-10,,,7lumshaft:7:-20,,,,,,,,,,,,,,,,,,,,,,,,,,,,,,,,,,,,,,,,9bligshaft:7:-20,,,,,,,,,,,,,,,,,,,,,
,,,,,,,8archgate:-1:-30,,7lumturn:2:-10,7lumshaft:8:-10,7lumcbelow:7:0,7lumshaft:8:-10,7lumups:2:-20,7lumtsect:0:-20,,,,,,,,,,,,,,,,,,,,,,,,,,,,,,,,,,,,,,,,,,,,,,,,,,,,,,,,,,,,,
,,,,,,,7lumgate:-1:-60,,,,7lumshaft:7:0,,,7lumshaft:7:-20,,7lumturn:-1:-50,7lumshaft:8:-50,7lumshaft:8:-50,7lumshaft:8:-50,7lumshaft:8:-50,7lumshaft:8:-50,7lumupl:0:-50,7lumshaft:8:-30,7lumshaft:8:-30,7lumgen:8:-30,7lumshaft:8:-30,7lumshaft:8:-30,7lumturn:0:-30,,,,,,,,,,,,,,,,,,,,,,,,,,9bligshaft:7:-20,,,,,,,,,,,,,,,,,,,,,
,,5corcavern:1:-12,,5corcavern:2:-12,,,7lumshaft:7:-60,,,,7lumturn:2:0,7lumupl:2:-20,7lumtsect:-1:-20,7lumturn:1:-20,,7lumshaft:7:-50,,,,,7lumupl:0:-10,7lumshaft:8:10,7lumturn:0:10,,,,,7lumshaft:7:-30,,,,,,,,,,,,,,,,,,,,,,,,,,,,,,,,,,,,,,,,,,,,,,,
,,,,,,,7lumupl:1:-60,,,,,,7lumshaft:7:-20,,,7lumshaft:7:-50,7lumess:1:-10,,7lumessent:2:-10,,,,7lumshaft:7:10,,,,,7lumups:1:-30,,,,,,,,,,,,,,,,,,,,,,,,,,9bligshaft:7:-20,,,,,,,,,,,,,,,,,,,,,
5ogturn:0:-12,,5corent:0:-12,,5corcavern:-1:-12,,,7lumups:1:-40,,,,,,7lumups:-1:-30,,,7lumupl:1:-50,,,,,7lumturn:-1:10,7lumshaft:8:10,7lumtsect:1:10,7lumshaft:8:10,7lumturn:0:10,,,7lumshaft:7:-20,,,,,,,,,,,,,,,,,,,,,,,,,,,,,,,,,,,,,,,,,,,,,,,
,,,,,,,7lumturn:2:-30,7lumshaft:8:-30,7lumupl:2:-50,7lumtsect:-1:-50,7lumupl:0:-50,7lumshaft:8:-30,7lumturn:1:-30,,,7lumshaft:7:-30,7lumess:0:-10,,7lumess:-1:-10,,7lumshaft:7:10,,,,7lumupl:-1:-10,,,7lumshaft:7:-20,,,,,,,,,,,,,,,,,,,,,,,,,,9bligshaft:7:-20,,,,,,,,,,,,,,,,,,,,,
5ogstairs:-1:-20,,,,,,,,,7lumturn:-1:-50,7lumtsect:0:-50,,,,,,7lumups:1:-30,7lumturn:-1:-20,7lumupl:0:-20,7lumshaft:8:0,7lumups:0:0,7lumtsect:0:10,,,7lumturn:-1:-20,7lumcbelow:7:-10,7lumshaft:8:-20,7lumshaft:8:-20,7lumtsect:0:-20,,,,,,,,,,,,,,,,,,,,,,,,,,,,,,,,,,,,,,,,,,,,,,,
,,,,,,,,,7lumshaft:7:-50,7lumshaft:7:-50,,,,,,7lumtsect:2:-20,7lumturn:1:-20,,,,7lumupl:-1:-10,,,7lumupl:1:-20,7lumshaft:7:-10,,,7lumshaft:7:-20,,,,,,,,,,,,,,,,,,,,,,,,,,9bligshaft:7:-20,,,,,,,,,,,,,,,,,,,,,
5ogstairs:-1:-28,,,,,,,,,7lumups:1:-50,7lumshaft:7:-50,,,,,,7lumupl:1:-20,,7lumturn:-1:-10,7lumshaft:8:-10,7lumshaft:8:-10,7lumtsect:0:-10,,,7lumshaft:7:0,7lumups:1:-10,,,7lumshaft:7:-20,,,,,,,,,,,,,,,,,,,,,,,,,,,,,,,,,,,,,,,,,,,,,,,
,,,,,,,7lumturn:-1:-60,7lumupl:0:-60,7lumturn:1:-40,7lumshaft:7:-50,,,,,,7lumturn:2:0,7lumtsect:-1:0,7lumcabove:7:-10,7lumshaft:8:0,7lumshaft:8:0,7lumcabove:7:-10,7lumshaft:8:0,7lumshaft:8:0,7lumtsect:1:0,7lumturn:1:0,,,7lumupl:1:-20,,,,,,,,,,,,,,,,,,,,,,,,,,9bligshaft:7:-20,,,,,,,,,,,,,,,,,,,,,
5ogstairs:-1:-36,,,,,,7lumturn:-1:-60,7lumtsect:1:-60,7lumupl:0:-60,7lumshaft:8:-40,7lumcabove:7:-50,7lumshaft:8:-40,7lumtsect:-1:-40,7lumshaft:8:-40,7lumshaft:8:-40,7lumturn:0:-40,,7lumshaft:7:0,7lumturn:2:-10,7lumshaft:8:-10,7lumshaft:8:-10,7lumtsect:0:-10,,,,,,,7lumshaft:7:0,,,,,,,,,,,,,,,,,,,,,,,,,,,,,,,,,,,,,,,,,,,,,,,
,,,,,,7lumshaft:7:-60,,,,7lumups:1:-50,,7lumups:1:-40,,,7lumshaft:7:-40,7lumturn:-1:0,7lumturn:1:0,,,,7lumshaft:7:-10,,,7lumess:1:-20,,7lumess:2:-20,,7lumshaft:7:0,,,,,,,,,,,,,,,,,,,,,,,,,,6cryblight:-2:-20,,,,,,,,,,,,,,,,,,,,,
5ogstairs:1:-36,,,,,,7lumshaft:7:-60,,,,7lumshaft:7:-40,,7lumshaft:7:-30,,,7lumshaft:7:-40,7lumups:-1:-10,,,,,7lumturn:2:-10,7lumshaft:8:-10,7lumturn:0:-10,,,,,7lumshaft:7:0,,,,,,,,,,,,,,,,,,,,,,,,,,,,,,,,,,,,,,,,,,,,,,,
,,,,,,7lumupl:1:-60,,,,7lumshaft:7:-40,,7lumtsect:2:-30,7lumtree:0:-30,,7lumshaft:7:-40,,,,7lumturn:-1:-20,7lumshaft:8:-20,7lumshaft:8:-20,7lumturn:0:-20,7lumshaft:7:-10,7lumess:0:-20,,7lumessent:-1:-20,,7lumshaft:7:0,,,,,,,,,,,,,,,,,,,,,,,,,,6synch2:-2:-22,,,,,,,,,,,,,,,,,,,,,
5ogstairs:1:-28,,,,,,7lumups:1:-40,,,,7lumupl:1:-40,,7lumshaft:7:-30,,,7lumupl:-1:-60,7lumprism2:7:-10,,,7lumtsect:2:-20,7lumshaft:8:-20,7lumturn:0:-20,7lumtsect:2:-20,7lumcbelow:7:-10,7lumshaft:8:-20,7lumshaft:8:-20,7lumshaft:8:-20,7lumturn:1:-20,7lumshaft:7:0,0turn:1:36,,,,,,,,,,,,,,,,,,,,,,,,,,,,,,,,,,,,,,,,,,,,,,
,,,,,,7lumshaft:7:-30,7lumturn:-1:-40,7lumshaft:8:-40,7lumups:0:-40,7lumcbelow:7:-20,7lumups:2:-40,7lumcbelow:7:-30,7lumshaft:8:-40,7lumupl:2:-60,7lumtsect:0:-60,,7lumshaft:7:-10,,7lumups:1:-20,,7lumshaft:7:-20,7lumshaft:7:-20,7lumshaft:7:-10,,,,,7lumshaft:7:0,0shaft:1:36,6crysent:2:36,,6crystal:0:36,,6crystal:0:44,,6crystal:0:52,,6crystal:2:52,,6crystal:2:44,,6crystal:2:36,,6crystal:2:28,,6crystal:2:20,,6crystal:2:12,,6crystal:2:4,,6crystal:2:-4,,6synch1:-2:-22,,6crystal:2:-20,,6crystal:2:-28,,6crystal:2:-36,,6crystal:2:-44,,6crystal:2:-52,,6crystal:2:-60,,6crystal:2:-68,,6crystal:0:-68,,6crystal:0:-60,,6fabricator:0:-52,
5ogstairs:1:-20,,,,,,7lumshaft:7:-30,7lumshaft:7:-40,,,7lumshaft:7:-20,,7lumshaft:7:-30,,,7lumupl:1:-60,,7lumturn:2:-10,7lumshaft:8:-10,7lumtsect:0:-10,,7lumshaft:7:-20,7lumshaft:7:-20,7lumups:-1:-20,,,,,7lumupl:-1:-20,0turn:0:36,0end:2:36,0end:2:36,0turn:2:36,,,,,,,,,,,,,,,,,,,,,,,,,,,,,,,,,,,,,,,,,,,
,,,,,,7lumshaft:7:-30,7lumshaft:7:-40,,,7lumshaft:7:-20,,7lumupl:1:-30,,,7lumshaft:7:-40,,,,7lumshaft:7:-10,,7lumshaft:7:-20,7lumshaft:7:-20,7lumturn:2:-20,7lumtsect:-1:-20,7lumshaft:8:-20,7lumshaft:8:-20,7lumshaft:8:-20,7lumtsect:1:-20,7lumshaft:8:-20,7lumturn:0:-20,,0shaft:1:36,,,,,,,,,,,,,,,,,,,,,,,,,,,,,,,,,,,,,,,,,,,
5ogstairs:-1:-20,,,,,,7lumshaft:7:-30,7lumshaft:7:-40,,,7lumshaft:7:-20,,7lumshaft:7:-10,,,7lumshaft:7:-40,,,,7lumshaft:7:-10,,7lumshaft:7:-20,7lumshaft:7:-20,,7lumshaft:7:-20,,,,,,7lumshaft:7:-20,,0shaft:1:36,,,,,,,,,,,,,,,,,,,,,,,,,,,,,,,,13fungluc2:0:-52,,13fungluc4:0:-52,,13fungluc6:0:-52,,,,,,,
,,7lumshaft:8:-20,7lumshaft:8:-20,7lumshaft:8:-20,7lumupl:2:-40,7lumcbelow:7:-30,7lumtsect:0:-40,7lumturn:-1:-20,7lumshaft:8:-20,7lumtsect:1:-20,7lumshaft:8:-20,7lumcbelow:7:-10,7lumupl:2:-40,7lumshaft:8:-40,7lumturn:1:-40,,,,7lumshaft:7:-10,,7lumtsect:2:-20,7lumturn:1:-20,,7lumturn:2:-20,7lumturn:0:-20,,,,,7lumshaft:7:-20,,0shaft:1:36,,,,,,,,,,,,,,,,,,,,,,,,,,,,,,,,,,,,,,,,,,,
7lumentry:-1:-28,,,,,,7lumups:-1:-40,7lumshaft:7:-40,7lumshaft:7:-20,,,,7lumshaft:7:-10,7lumturn:-1:-10,7lumupl:0:-10,7lumshaft:8:10,7lumupl:2:-10,7lumtsect:-1:-10,7lumshaft:8:-10,7lumturn:1:-10,7lumturn:-1:-20,7lumtsect:1:-20,7lumshaft:8:-20,7lumshaft:8:-20,7lumshaft:8:-20,7lumturn:1:-20,,,,,7lumupl:-1:-40,,0shaft:1:36,,13fungrot4:0:12,,13fungat:2:4,,13fungat:2:-4,,13fungat:2:-12,,13fungat:2:-20,,13fungat:2:-28,,13fungat:2:-36,,13fungat:2:-44,,13fungat:2:-52,,13fungat:2:-60,,13fungat:0:-60,,13fungat:0:-52,,13fungat:0:-44,,13fungat:2:-44,,13fungat:2:-52,,13fungluc1:0:-52,,13fungluc3:0:-52,,13fungluc5:0:-52,,,,,,,
,,,,,,7lumturn:2:-40,7lumturn:1:-40,7lumups:1:-20,,,7lumturn:0:-10,7lumshaft:7:-10,7lumturn:2:-10,7lumupl:2:-30,7lumshaft:8:-30,7lumupl:0:-30,7lumtsect:0:-10,,,7lumupl:-1:-40,,,,,,7lumess:1:-40,,7lumess:2:-40,,7lumshaft:7:-40,,0shaft:1:36,,,,,,,,,,,,,,,,,,,,,,,,,,,,,,,,,,,,,,,,,,,
5ogstairs:-1:-36,,,,,,,,7lumturn:2:-10,7lumprism3:8:-10,,7lumturn:2:-10,7lumtsect:1:-10,7lumshaft:8:-10,7lumshaft:8:-10,7lumshaft:8:-10,7lumshaft:8:-10,7lumturn:1:-10,,,7lumupl:1:-40,,,,,,,,,,,,0shaft:1:36,,13fungat:1:12,,,,,,,,,,,,,,,,,,,,,,,,,,,,,,,,,,,,,3galknife:1:-60,,3galknife:2:-60,,
,,,,,,,,,,,,,,,,,,,,7lumturn:2:-20,7lumshaft:8:-20,7lumupl:2:-40,7lumshaft:8:-40,7lumtsect:-1:-40,7lumshaft:8:-40,7lumessent:0:-40,,7lumess:-1:-40,,7lumprism1:7:-40,,0stairs:-1:24,,,,,,,,,,,,,,,,,,,,,,,,,,,,,,,,,,,,,,,,,,,
5ogstairs:-1:-44,,,,,,,,,,,,,,,,,,,,,,,,7lumshaft:7:-40,,,,,,,7lumshaft:7:-40,0shaft:1:24,,13fungat:1:20,,,,,,,,,,,,,,,,,,,,,,,,,,,,,,,,,,,,,3galknife:0:-60,,3galknife:-1:-60,,
,,,,,,,,,,,,,,,,,,,,,,,,7lumshaft:7:-40,,,7lumportal:-1:-40,,,,7lumshaft:7:-40,0shaft:1:24,,,,,,,,,,,,,,,,,,,,,,,,,,,,,,,,,,,,,,,,,,,
5ogstairs:-1:-52,,5ogturn:0:-52,,5ogstairs:0:-52,,5ogstairs:0:-44,,5ogstairs:0:-36,,5ogstairs:0:-28,,5ogstairs:0:-20,,5ogentry:0:-12,,0end:2,0shaft:0,0shaft:0,0shaft:0,0shaft:0,0shaft:0,0end:0,0turn:2,7lumturn:2:-40,7lumshaft:8:-40,7lumshaft:8:-40,7lumtsect:1:-40,7lumshaft:8:-40,7lumshaft:8:-40,7lumshaft:8:-40,7lumturn:1:-40,0shaft:1:24,,13fungat:1:28,,,,,,,,,,,,,,,,,,,,,,,,,,,,,,,,,,,,,3galbomb:1:-60,,3galbomb:2:-60,,
,,,,,,,,,,,,,,,,,,,,,,,0shaft:1,,,,,,,,,0stairs:-1:12,,,,,,,,,,,,,,,,,,,,,,,,,,,,,,,,,,,,,,,,,,,
5ogstairs:-1:-60,,5ogturn:-1:-52,,5ogstairs:2:-60,,5ogstairs:2:-68,,5ogstairs:0:-68,,5ogstairs:0:-60,,5ogstairs:0:-52,,5ogstairs:0:-44,,5ogstairs:0:-36,,5ogstairs:0:-28,,5ogturn:1:-20,,,0end:1,,,,,,,,,0shaft:1:12,,13fungrot3:-1:36,,13fungat:0:36,,13fungat:2:36,,13fungat:2:28,,13fungat:2:20,,13fungat:2:12,,13fungat:2:4,,13fungat:2:-4,,13fungat:2:-12,,13fungat:2:-20,,13fungat:2:-28,,13fungat:2:-36,,13fungat:2:-44,,13fungat:2:-52,,13fungat:2:-60,,13fungat:0:-60,,13fungat:0:-52,,13fungrot2:1:-44,,,3galbomb:0:-60,,3galbomb:-1:-60,,
,,,,,,,,,,,,,,,,,,,,,,,0turn:0,0stairs:0,0stairs:0:12,0turn:2:24,,,,,,0end:1:12,,,,,,,,,,,,,,,,,,,,,,,,,,,,,,,,,,,,,,,,,,,
5ogstairs:1:-60,,,,,,,,,,,,,,,,,,,,5ogstairs:1:-20,,,,,,0end:-1:24,,,0turn:1:12,0end:2:12,0end:0:12,0turn:-1:12,,,,,,,,,,,,,,,,,,,,,,,,,,,,,,,,,,,,13fungat:1:-44,,,3galsword:1:-60,,3galsword:2:-60,,
,,,,,,,,,,,,,,,,,,,,,,,,,,0end:1:24,,,0stairs:1:12,,,,,,,,,,,,,,,,2minescr:-1:-52,2minesed:-1:-52,2minesed:-1:-52,2minesed:-1:-52,2minesed:-1:-52,2minesed:-1:-52,2minesed:-1:-52,2minesed:-1:-52,2minesed:-1:-52,2minesed:-1:-52,2minesed:-1:-52,2minesed:-1:-52,2minesed:-1:-52,2minesed:-1:-52,2minesed:-1:-52,2minesed:-1:-52,2minesed:-1:-52,2minesed:-1:-52,2minesed:-1:-52,2minesed:-1:-52,2minesed:-1:-52,2minescr:0:-52,,,,,,,,,
5ogstairs:1:-52,,,,,,,,,,,,5ogturn:0:-20,,5ogturn:1:-20,,,,,,5ogstairs:-1:-20,,,,,,0tsect:-1:24,0end:2:24,0end:0:24,0turn:-1:24,,,,,,,,,,,,,,,,2minesed:2:-52,,,,,,,,,,,,,,,,,,,,,2minesed:0:-52,,13fungat:1:-36,,,3galsword:0:-60,,3galsword:-1:-60,,
,,,,,,,,,,,,,,,,,,,,,,,,,,0stairs:1:24,,,,,,,,,,,,,,,,,,,2minesed:2:-52,2mines:9:-52,,2mines:9:-52,,2mines:9:-52,,2mines:9:-52,,2mines:9:-52,,2mines:9:-52,,2mines:9:-52,,2mines:9:-52,,2mines:9:-52,,2mines:9:-52,,2minesed:0:-52,,,,,,,,,
5ogstairs:-1:-52,,,,,,,,5ogturn:0:-28,,5ogstairs:0:-28,,5ogtsect:1:-20,,5ogstairs:-1:-28,,5ogturn:0:-28,,5ogstairs:0:-28,,5ogtsect:1:-20,,,,,,0shaft:1:36,,,,,,,,,,,,,,,,,,,2minesed:2:-52,,,,,,,,,,,,,,,,,,,,,2minesed:0:-52,,13fungat:1:-28,,,3galpink:0:-60,,3galyellow:0:-60,,
,,,,,,,,,,,,,,,,,,,,,,,,,,0shaft:1:36,,,,,,,,,,,,,,,,,,,2minesed:2:-52,2mines:9:-52,,2mines:9:-52,,2mines:9:-52,,2mines:9:-52,,2mines:9:-52,,2mines:9:-52,,2mines:9:-52,,2mines:9:-52,,2mines:9:-52,,2mines:9:-52,,2minesed:0:-52,,,,,,,,,
5ogstairs:-1:-60,,,,,,,,5ogstairs:1:-28,,,,5ogstairs:-1:-28,,5ogstairs:1:-28,,5ogstairs:1:-28,,,,5ogstairs:-1:-28,,,,,,0shaft:1:36,,,,,,,,,,,,,,,,,,,2minesed:2:-52,,,,,,,,,,,,,,,,,,,,,2minesed:0:-52,,13fungat:1:-20,,,3galblue:0:-60,,3galgreen:0:-60,,
,,,,,,,,,,,,,,,,,,,,,,,,,,0shaft:1:36,,,,,,,,,,,,,,,,,,,2minesed:2:-52,2mines:9:-52,,2mines:9:-52,,2mines:9:-52,,2mines:9:-52,,2mines:9:-52,,2mines:9:-52,,2mines:9:-52,,2mines:9:-52,,2mines:9:-52,,2mines:9:-52,,2minesed:0:-52,,,,,,,,,
5ogstairs:1:-60,,5ogturn:0:-12,,5ogtsect:0:-12,,5ogstairs:2:-20,,5ogtsect:2:-20,,5ogstairs:2:-28,,5ogturn:2:-28,,5ogturn:-1:-20,,5ogtsect:2:-20,,5ogstairs:2:-28,,5ogturn:2:-28,,,,,,0shaft:1:36,,,,,,,,,,,,,,,,,,,2minesed:2:-52,,,,,,,,,,,,,,,,,,,,,2minesed:0:-52,,13fungat:1:-12,,,3galaxy4:0:-60,,3galaxy3:0:-60,,
,,,,,,,,,,,,,,,,,,,,,,,,,,0shaft:1:36,,,,,,,,,,,,,,,,,,,2minesed:2:-52,2mines:9:-52,,2mines:9:-52,,2mines:9:-52,,2mines:9:-52,,2mines:9:-52,,2mines:9:-52,,2mines:9:-52,,2mines:9:-52,,2mines:9:-52,,2mines:9:-52,,2minesed:0:-52,,,,,,,,,
5ogstairs:1:-52,,5ogstairs:-1:-20,,5ogstairs:-1:-20,,,,,,,,,,,,,,,,,,,,,,0stairs:-1:24,,,,,,,,,,,,,,,,,,,2minesed:2:-52,,,,,,,,,,,,,,,,,,,,,2minesed:0:-52,,13fungat:1:-4,,,3galaxy1:0:-60,,3galaxy2:0:-60,,0turn:2:-60
,,,,,,,,,,,,,,,,,,,,,,,,,,0end:1:24,,,,,,,,,,,,,,,,,,,2minesed:2:-52,2mines:9:-52,,2mines:9:-52,,2mines:9:-52,,2mines:9:-52,,2mines:9:-52,,2mines:9:-52,,2mines:9:-52,,2mines:9:-52,,2mines:9:-52,,2mines:9:-52,,2minesed:0:-52,,,,,,,,,0end:-1:-60
5ogstairs:1:-44,,5ogstairs:-1:-28,,5ogstairs:-1:-28,,,,,,,,5ogturn:0:-52,,5ogtsect:0:-52,,5ogturn:1:-52,,,,,,,,,,0turn:0:24,0end:2:24,0shaft:0:24,0shaft:0:24,0stairs:2:12,0shaft:0:12,0stairs:2,0shaft:0,0shaft:0,0end:0,0turn:2,,,,,,,,,2minesed:2:-52,,,,,,,,,,,,,,,,,,,,,2minesed:0:-52,,13fungat:1:4,,,3gallight3:0:-60,,3gallight1:0:-60,,0shaft:1:-60
,,,,,,,,,,,,,,,,,,,,,,,,,,,,,,,,,,,,0end:-1,,,,,,,,,2minesed:2:-52,2mines:9:-52,,2mines:9:-52,,2mines:9:-52,,2mines:9:-52,,2mines:9:-52,,2mines:9:-52,,2mines:9:-52,,2mines:9:-52,,2mines:9:-52,,2mines:9:-52,,2minesed:0:-52,,,,,,,,,0shaft:1:-60
5ogstairs:1:-36,,5ogstairs:-1:-36,,5ogturn:-1:-28,,5ogstairs:2:-36,,5ogstairs:2:-44,,5ogstairs:2:-52,,5ogturn:2:-52,,5ogtsect:-1:-52,,5ogturn:2:-52,,,,,,,,,,,,,,,,,,,,0shaft:1,,,,,,,,,2minesed:2:-52,,,,,,,,,,,,,,,,,,,,,2minesed:0:-52,,13fungat:1:12,,,3gallight4:0:-60,,3gallight2:0:-60,,0end:1:-60
,,,,,,,,,,,,,,,,,,,,,,,,0turn:1,0end:2,0end:0,0turn:2,,,,,,,,,0shaft:1,,,,,,,,,2minesed:2:-52,2mines:9:-52,,2mines:9:-52,,2mines:9:-52,,2mines:9:-52,,2mines:9:-52,,2mines:9:-52,,2mines:9:-52,,2mines:9:-52,,2mines:9:-52,,2mines:9:-52,,2minesed:0:-52,,,,,,,,,0stairs:1:-60
5ogstairs:1:-28,,5ogturn:-1:-36,,5ogtsect:0:-36,,5ogstairs:2:-44,,5ogstairs:2:-52,,5ogstairs:2:-60,,5ogstairs:0:-60,,5ogtsect:2:-52,,5ogturn:1:-52,,,,,,,,0end:-1,,,0end:-1,,,,,,,,,0shaft:1,,,,,,,,,2minesed:2:-52,,,,,,,,,,,,,,,,,,,,,2minesed:0:-52,,13fungat:1:20,,,3galterror3:0:-60,,3galterror1:0:-60,,0shaft:1:-48
,,,,,,,,,,,,,,,,,,,,,,,,0shaft:1,,,0shaft:1,,,,,1hive2:0:-62,,1hive4:0:-62,,0shaft:1,,,,,,,,,2minesed:2:-52,2mines:9:-52,,2mines:9:-52,,2mines:9:-52,,2mines:9:-52,,2mines:9:-52,,2mines:9:-52,,2mines:9:-52,,2mines:9:-52,,2mines:9:-52,,2mines:9:-52,,2minesed:0:-52,,,,,,,,,0shaft:1:-48
5ogstairs:1:-20,,,,5ogstairs:1:-36,,,,,,,,,,,,5ogstairs:1:-52,,,,,,,,0shaft:1,,0turn:0,0tsect:1,,,,,,,,,0shaft:1,,,,,,0turn:1:-12,0stairs:2:-24,0turn:2:-24,2minesed:2:-52,,,,,,,,,,,,,,,,,,,,,2minesed:0:-52,,13fungat:1:28,,,3galterror4:0:-60,,3galterror2:0:-60,,0stairs:1:-48
,,,,,,,,,,,,,,,,,,,,,,,,0shaft:1,,0end:-1,0end:1,,,,,1hive1:0:-62,,1hive3:0:-62,,0end:1,,,,,,0turn:0:-12,0turn:2:-12,0end:-1:-24,2minesed:2:-52,2mines:9:-52,,2mines:9:-52,,2mines:9:-52,,2mines:9:-52,,2mines:9:-52,,2mines:9:-52,,2mines:9:-52,,2mines:9:-52,,2mines:9:-52,,2mines:9:-52,,2minesed:0:-52,,,,,,,,,0shaft:1:-36
5ogturn:-1:-12,,5ogturn:1:-12,,5ogstairs:1:-28,,,,5corcavern:1:-28,,5corcavern:2:-28,,,,,,5ogstairs:1:-44,,,,,,,,0shaft:1,,0shaft:1,0turn:0,0end:2,0shaft:0,0shaft:0,0end:0,,,,,0turn:-1,,,,,,,0stairs:1:-12,0shaft:1:-24,2minesed:2:-52,,,,,,,,,,,,,,,,,,,,,2minesed:0:-52,,13fungat:1:36,,,,,,,0shaft:1:-36
,,,,,,,,,,,,,,,,,,,0forgeterm:0,0end:2,0shaft:0,0shaft:0,0end:0,0tsect:1,,0shaft:1,,,,,,1sundertl:0,,1sundertr:0,,,,,,,,,0end:-1,0shaft:1:-24,2minesed:2:-52,2mines:9:-52,,2mines:9:-52,,2mines:9:-52,,2mines:9:-52,,2mines:9:-52,,2mines:9:-52,,2mines:9:-52,,2mines:9:-52,,2mines:9:-52,,2mines:9:-52,,2minesed:0:-52,,,,,,,,,0stairs:1:-36
5ogturn:0:-12,,5ogturn:2:-12,,5ogtsect:-1:-20,,5ogstairs:2:-28,,5corent:0:-28,,5corcavern:-1:-28,,5corcavern:1:-36,,5corcavern:2:-36,,5ogstairs:1:-36,,,,,,,,0shaft:1,,0stairs:-1:-12,,,,,,,,,,,,,,,,,0shaft:1,0end:1:-24,2minesed:2:-52,,,,,,,,,,,,,,,,,,,,,2minesed:0:-52,,13fungat:-1:36,,,,,,0turn:1:-24,0turn:-1:-24
,,,,,,,,,,,,,,,,,,,,,,,,0shaft:1,,0shaft:1:-12,,,,,,1sunderbl:0,,1sunderbr:0,,0end:2,0shaft:0,0shaft:0,0end:0,0turn:2,,,0shaft:1,0stairs:-1:-36,2minesed:2:-52,2mines:9:-52,,2mines:9:-52,,2mines:9:-52,,2mines:9:-52,,2mines:9:-52,,2mines:9:-52,,2mines:9:-52,,2mines:9:-52,,2mines:9:-52,,2mines:9:-52,,2minesed:0:-52,,,,,,,,0end:-1:-24,
5ogturn:-1:-12,,5ogstairs:2:-20,,5ogtsect:2:-20,,5ogstairs:2:-28,,5ogtsect:0:-28,,5ogstairs:2:-36,,5corent:0:-36,,5corcavern:-1:-36,,5ogstairs:1:-28,,,,,,,,0shaft:1,,0shaft:1:-12,,,,,,0end:-1,,,,,,,,0end:-1,,,0shaft:1,0shaft:1:-36,2minesed:2:-52,,,,,,,,,,,,,,,,,,,,,2minesed:0:-52,,13fungat:-1:28,,,,,,0stairs:1:-24,
,,,,,,,,,,,,,,,,,,,,,,,,0shaft:1,,0end:1:-12,,,,,,0shaft:1,1clovm4:-1:-54,,1clovm3:-1:-54,,,,,0end:1,,,0end:1,0stairs:-1:-48,2minesed:2:-52,2mines:9:-52,,2mines:9:-52,,2mines:9:-52,,2mines:9:-52,,2mines:9:-52,,2mines:9:-52,,2mines:9:-52,,2mines:9:-52,,2mines:9:-52,,2mines:9:-52,,2minesed:0:-52,,,,,,,0turn:1:-12,0tsect:1:-12,
,,,,,,,,5ogstairs:1:-28,,,,,,,,5ogstairs:1:-20,,,0turn:1,0end:2,0end:0,0turn:2,,0tsect:-1,0stairs:2:-12,0tsect:2:-12,0shaft:0:-12,0end:0:-12,0turn:2:-12,,,0shaft:1,,,,,,,,0tsect:-1,0end:2,0end:0,0turn:-1,0turn:0:-48,2minesgwo:2:-52,,,,,,,,,,,,,,,,,,,,,2minesed:0:-52,,13fungat:-1:20,,,,,0end:-1:-12,0shaft:1:-12,
,,,,,,,,,,,,,,,,,,,0end:-1,,,0end:-1,,0shaft:1,,,,,0shaft:1:-12,,,0stairs:-1:-12,1clovm2:-1:-54,,1clovm1:-1:-54,,0turn:1:-12,0stairs:0:-12,0end:0,0tsect:1,,,,,2minesed:2:-52,2mines:9:-52,,2mines:9:-52,,2mines:9:-52,,2mines:9:-52,,2mines:9:-52,,2mines:9:-52,,2mines:9:-52,,2mines:9:-52,,2mines:9:-52,,2mines:9:-52,,2minesed:0:-52,,,,,,,0shaft:1:-12,0shaft:1:-12,
,,5corcavern:1:-12,,5corcavern:2:-12,,,,5ogstairs:1:-20,,,,5corcavern:1:-20,,5corcavern:2:-20,,5ogstairs:-1:-20,,,0shaft:1,,,0shaft:1,,0shaft:1,,,,,0shaft:1:-12,,,0shaft:1:-12,,,,0stairs:1:-48,0end:-1:-12,,,0end:-1,,,,2minesgw:2:-52,2minesed:2:-52,,,,,,,,,,,,,,,,,,,,,2minesed:0:-52,,13fungat:-1:12,,,,,0shaft:1:-12,0shaft:1:-12,
,,,,,,,,,,,,,,,,,,,0shaft:1,,,0shaft:1,,0shaft:1,,,,,0end:1:-12,,,0end:1:-12,0turn:1:-24,0stairs:2:-36,0end:0:-36,0turn:-1:-36,0end:1:-12,,,0end:1,,,,,2minesed:2:-52,2mines:9:-52,,2mines:9:-52,,2mines:9:-52,,2mines:9:-52,,2mines:9:-52,,2mines:9:-52,,2mines:9:-52,,2mines:9:-52,,2minegen:0:-52,,2mines:9:-52,,2minesed:0:-52,,,,,,,0shaft:1:-12,0shaft:1:-12,
5ogturn:0:-12,,5corent:0:-12,,5corcavern:-1:-12,,,,5ogturn:-1:-12,,5ogstairs:2:-20,,5corent:0:-20,,5corcavern:-1:-20,,5ogstairs:-1:-28,,,0end:1,,,0shaft:1,,0shaft:1,,,0turn:1:-12,0end:2:-12,0tsect:2:-12,0shaft:0:-12,0end:0:-12,0turn:-1:-12,0turn:0:-24,0secur1:0:-24,0stairs:0:-24,0end:0:-12,0tsect:1:-12,,,0turn:0,0end:2,0shaft:0,0end:0,0turn:2,2minesed:2:-52,,,,,,,,,,,,,,,,,,,,,2minesed:0:-52,,13fungat:-1:4,,,,,0shaft:1:-12,0shaft:1:-12,
,,,,,,,,,,,,,,,,,,,,,,0shaft:1,,0shaft:1,,,0end:-1:-12,,,,,,,,,,0end:-1:-12,,,,,,,0end:-1,2minesed:2:-52,2mines:9:-52,,2mines:9:-52,,2mines:9:-52,,2mines:9:-52,,2mines:9:-52,,2mines:9:-52,,2mines:9:-52,,2mines:9:-52,,2mines:9:-52,,2mines:9:-52,,2minesed:0:-52,,,,,,,0shaft:1:-12,0shaft:1:-12,
5ogstairs:-1:-20,,,,,,,,,,,,,,,,5ogstairs:-1:-36,,5ogentry:-1:-12,,,0turn:1,0tsect:2,0shaft:0,0tsect:2,0shaft:0,0turn:2,0shaft:1:-12,,,,,,,,,,0stairs:1:-12,,,,,,,0shaft:1,2minesed:2:-52,,,,,,,,,,,,,,,,,,,,,2minesed:0:-52,,13fungat:-1:-4,,,,,0shaft:1:-12,0end:1:-12,
,,,,,,,,,,,,,,,,,,,,,0end:-1,,,,,0end:-1,0shaft:1:-12,,,,,,,,,,0shaft:1,,,,,,,0shaft:1,2minesed:2:-52,2mines:9:-52,,2mines:9:-52,,2mines:9:-52,,2mines:9:-52,,2mines:9:-52,,2mines:9:-52,,2mines:9:-52,,2mines:9:-52,,2mines:9:-52,,2mines:9:-52,,2minesed:0:-52,,,,,0turn:1:-36,0turn:2:-36,0end:1:-12,0turn:0:-12,0turn:2:-12
5ogstairs:-1:-28,,,,,,,,,,5corcavern:1:-28,,5corcavern:2:-28,,,,5ogstairs:-1:-44,,5ogstairs:-1:-20,,,0shaft:1,,,,,0shaft:1,0stairs:1:-12,,,,,,,,,,0end:1,,,,,,,0end:1,2minesed:2:-52,,,,,,,,,,,,,,,,,,,,,2minesed:0:-52,,13fungat:-1:-12,,,0stairs:-1:-48,0stairs:1:-36,0stairs:-1:-24,,0end:-1:-12
,,,,,,,,,,,,,,,,,,,,,0stairs:-1:-12,,,,,0tsect:-1,0tsect:1,,1cata4:-1:-22,,1cata3:-1:-22,,,,,,0tsect:-1,0end:2,0shaft:0,0shaft:0,0shaft:0,0shaft:0,0end:0,0tsect:1,2minesed:2:-52,2mines:9:-52,,2mines:9:-52,,2mines:9:-52,,2myentry:1:-59,,2mines:9:-52,,2mines:9:-52,,2mines:9:-52,,2mines:9:-52,,2mines:9:-52,,2mines:9:-52,,2minesed:0:-52,,,,2minesgw:0:-52,0turn:-1:-48,0turn:0:-24,0turn:-1:-24,,0shaft:1:-12
5ogstairs:-1:-36,,5ogfyre:0:-4,,5ogstairs:2:-12,,5ogstairs:2:-20,,5ogstairs:2:-28,,5corent:0:-28,,5corcavern:-1:-28,,,,5ogstairs:-1:-52,,5ogstairs:-1:-28,,,0shaft:1:-12,,,,,0stairs:-1:-12,0shaft:1,,,,,,,,,,0end:-1,,,,,,,0end:-1,2minesed:2:-52,,,,,,,,,,,,,,,,,,,,,2minesed:0:-52,,13fungat:-1:-20,,,,,,,0stairs:1:-12
,,,,,,,,,,,,,,,,,,,,,0shaft:1:-12,,,,,0shaft:1:-12,0end:1,,1cata2:-1:-22,,1cata1:-1:-22,,,,,,0shaft:1,,,,,,,0shaft:1,2minesed:2:-52,2mines:9:-52,,2mines:9:-52,,2mines:9:-52,,2mypass:1:-59,,2mines:9:-52,,2mines:9:-52,,2mines:9:-52,,2mines:9:-52,,2mines:9:-52,,2mines:9:-52,,2minesed:0:-52,,,,,,,,,0end:1
5ogstairs:-1:-44,,5ogstairs:-1:-12,,,,,,,,,,,,,,5ogstairs:-1:-60,,5ogstairs:-1:-36,,,0shaft:1:-12,,,,,0end:1:-12,0tsect:-1,0end:2,0end:0,0turn:2,,0turn:0:-12,0end:2:-12,0secur3:0:-12,0stairs:0:-12,0end:0,0tsect:1,,,,,,,0end:1,2minescr:2:-52,2minesed:1:-52,2minesed:1:-52,2minesed:1:-52,2minesed:1:-52,2minesed:1:-52,2minesed:1:-52,2mywall:1:-59,2minesed:1:-52,2minesed:1:-52,2minesed:1:-52,2minesed:1:-52,2minesed:1:-52,2minesed:1:-52,2minesed:1:-52,2minesed:1:-52,2minesed:1:-52,2minesed:1:-52,2minesed:1:-52,2minesed:1:-52,2minesed:1:-52,2minescr:1:-52,,13fungat:-1:-28,,,,,,0turn:1,0tsect:1
,,,,,,,,,,,,,,,,,,,,,0turn:0:-12,0end:2:-12,0shaft:0:-12,0shaft:0:-12,0end:0:-12,0turn:-1:-12,0end:-1,,,0end:-1,,,,,,,0stairs:1,,,0turn:1:12,0end:2:12,0stairs:2,0end:0,0turn:-1,,,,,,,,2mywall:1:-59,,,,,,,,,,,,,,,,,,,,,0turn:1,0turn:-1,0end:-1
5ogstairs:-1:-52,,5ogstairs:-1:-20,,,,,,,,,,,,,,5ogstairs:-1:-68,,5ogstairs:-1:-44,,,,,,,,,0shaft:1,,,0shaft:1,,,,,,,0shaft:1:12,,,0end:-1:12,,,,,,,,,,,,2mywall:1:-59,,,,,,,,,,,,,,,,13fungat:-1:-36,,,,,0end:-1,,0shaft:1
,,,,,,,,,,,,,,,,,,,,,,,,,,,0shaft:1,,,0shaft:1,,,,,,,0end:1:12,,,0end:1:12,,,,,,,,,,,,,,,,,,,,,,,,,,,,,,,,,0end:1,,0end:1
5ogstairs:-1:-60,,5ogstairs:-1:-28,,,,5ogturn:0:-36,,5ogstairs:2:-44,,5ogstairs:2:-52,,5ogstairs:2:-60,,5ogstairs:2:-68,,5ogturn:2:-68,,5ogstairs:-1:-52,,,,,,,,,0end:1,,,0shaft:1,,,0turn:1,0end:2,0stairs:0,0end:0:12,0tsect:2:12,0end:2:12,0end:0:12,0tsect:1:12,,,,,,,,,,,,2mycave1:1:-59,,2mycave2:1:-59,,13fungtun:0:-52,,13fungtun:0:-44,,13fungtun:0:-36,,13fungtun:0:-28,,13fungtun:2:-28,,13funblock:2:-36,,13fungrot1:2:-36,,,,0turn:1,0tsect:2,0end:2,0turn:-1
,,,,,,,,,,,,,,,,,,,,,,,0turn:1,0end:2,0shaft:0,0end:0,0turn:-1,,,0shaft:1,,,0end:-1,,,,,,,0end:-1:12,,,,,,,,,,,,,,,,,,,,,,,,,,,,,,,,0end:-1,,,
5ogstairs:1:-60,,5ogstairs:-1:-36,,,,5ogstairs:-1:-44,,,,,,,,,,,,5ogstairs:-1:-60,,,,,0end:-1,,,,,,,,,,0shaft:1,,,,,,,0shaft:1:12,0turn:1,0end:2,0end:0,0tsect:0,0end:2,0shaft:0,0end:0,0turn:2,,,,2mycave3:1:-59,,2mycave4:1:-59,,,,,,,,,0turn:1,0end:2,0end:0,0tsect:0,0end:2,0shaft:0,0end:0,0turn:2,,0end:1,,,
,,,,,,,,,,,,,,,,,,,,,,,0shaft:1,,,,,,,1dark:-1:-24,,,0shaft:1,,,,,,,0shaft:1:12,0end:-1,,0turn:1,0turn:-1,,,,0end:-1,,,,,,,,,0turn:1,0end:2,0shaft:0,0shaft:0,0end:0,0tsect:0,0turn:-1,,,0end:-1,,,,0end:-1,,0tsect:-1,0turn:2,,
5ogstairs:1:-52,,5ogstairs:-1:-44,,5ogturn:0:-44,,5ogturn:2:-44,,,,,,,,,,,,5ogstairs:1:-60,,,,,0shaft:1,,,,,,,,4twistx:8:-56,,0shaft:1,,,,,,,0stairs:-1,0shaft:1,,0end:-1,,,,,0shaft:1,,,,,,,,,0end:-1,,,,,0end:-1,,,,0shaft:1,,,,0turn:0,0shaft:0,0tsect:1,0end:-1,,
,,,,,,,,,,,,,,,,,,,,,,,,,,,,,,,4twistx:8:-56,,0shaft:1,,,,,,,0shaft:1,0shaft:1,,0shaft:1,,4twistdk3:-1:-56,,,0end:1,,,,,,,,,0end:1,,,,,0shaft:1,,,,0tsect:-1,0secur3:2,0turn:2,0turn:1,0rworm:0:-4,0turn:2,0secur3:1,0shaft:1,,
5ogtsect:-1:-44,,5ogtsect:1:-44,,5ogtsect:-1:-44,,5ogstairs:2:-52,,5ogstairs:2:-60,,5ogstairs:0:-60,,5ogstairs:0:-52,,5ogstairs:2:-52,,5ogturn:1:-52,,5ogstairs:1:-52,,,,1starforge:-1,,,,,,,,,4twistx:8:-56,,0end:1,0turn:1,0end:2,0end:0,0turn:2,,,0shaft:1,0shaft:1,,0shaft:1,,,,,0turn:0,0end:2,0shaft:0,0shaft:0,0end:0,0tsect:0,0end:2,0shaft:0,0end:0,0turn:-1,,,,,0end:1,,,,0end:1,,0end:-1,0end:-1,,0turn:0,0tsect:1,0shaft:1,,
,,,,,,,,,,,,,,,,,,,,,,,,,,,,,,,4twistx:8:-56,,0tsect:-1,0turn:-1,,,0end:-1,,,0shaft:1,0shaft:1,,0shaft:1,,4twistdk2:-1:-56,,,,,,,,0end:-1,,,,,,,,,0turn:0,0end:2,0shaft:0,0end:0,0turn:-1,,0shaft:1,0end:1,,,0end:-1,0shaft:1,,
5ogstairs:-1:-52,,5ogstairs:1:-44,,5ogstairs:1:-44,,,,5ogturn:0:-68,,5ogstairs:0:-68,,5ogtsect:0:-60,,5ogstairs:-2:-60,,5ogtsect:1:-52,,5ogstairs:1:-44,,,,,,,,,,,,,4twistx:8:-56,,0end:1,,,,0shaft:1,,,0shaft:1,0shaft:1,,0shaft:1,,,,,,,,,,0stairs:1,,,,,,,,,,,,,,,0rworm:1:-4,0turn:0,0rworm:0:-4,0turn:2,0shaft:1,0shaft:1,,
,,,,,,,,,,,,,,,,,,,,,,,,,,,,,,,4twistx:8:-56,,0shaft:1,,,,0end:1,,,0end:1,0shaft:1,,0shaft:1,,4twistdk1:-1:-56,,,,,,,,0shaft:1:12,,,,,,,,,,,,,,,0end:1,,,0rworm:1:-4,0end:1,,,
5ogstairs:-1:-60,,5ogstairs:-1:-44,,5ogstairs:1:-36,,5ogturn:0:-68,,5ogturn:2:-68,,,,5ogturn:-1:-60,,5ogstairs:-2:-60,,5ogturn:2:-52,,5ogstairs:1:-36,,,,,,,,,,,,4twistturn1:2:-56,4twistturn1:0:-56,,0shaft:1,,,,0turn:0,0end:2,0end:0,0tsect:1,0end:1,,0shaft:1,4twistturn1:2:-56,4twistz:8:-56,4twisttxin:0:-56,4twistz:8:-56,4twistz:8:-56,4twistz:8:-56,4twistturn2:0:-56,,,0stairs:1:12,,,,,,,,,,,,,,,0turn:0,0end:2,0end:0,0tsect:2,0turn:-1,1dark:-1:-24,,
,,,,,,,,,,,,,,,,,,,,,,,,,,,,,,4twistx:8:-56,,,0shaft:1,,,,,,,0turn:0,0turn:-1,,0shaft:1,4twistx:8:-56,,,,,,4twistx:8:-56,,,0shaft:1:24,,,4twistturn1:2:-56,4twistz:8:-56,4twistz:8:-56,4twistz:8:-56,4twistz:8:-56,4twisttxde:0:-56,4twistz:8:-56,4twistz:8:-56,4twistz:8:-56,4twistturn2:0:-56,,,,,,,,,4twistx:8:-56,
5ogstairs:1:-60,,5ogstairs:-1:-52,,5ogstairs:1:-28,,5ogtsect:-1:-68,,5ogstairs:0:-68,,5ogstairs:0:-60,,5ogstairs:0:-52,,5ogstairs:0:-44,,5ogstairs:0:-36,,5ogtsect:1:-28,,,,,,,,,,,,4twistx:8:-56,,,0shaft:1,,,,,,,,,,0shaft:1,4twistx:8:-56,,,,,,4twistx:8:-56,,,0end:1:24,,,4twistx:8:-56,,,,,4twistx:8:-56,,,,4twistturn2:2:-56,4twistz:8:-56,4twistz:8:-56,4twisttxde:0:-56,4twistz:8:-56,4twistz:8:-56,4twistz:8:-56,4twistturn2:0:-56,,4twistx:8:-56,
,,,,,,,,,,,,,,,,,,,,,,,,,,,,,,4twistx:8:-56,,,0shaft:1,,,,,,,,,,0shaft:1,4twistx:8:-56,,4twistturn1:2:-56,4twistz:8:-56,4twistz:8:-56,4twistturn2:0:-56,4twistx:8:-56,,,,,,4twistx:8:-56,,,,,4twistx:8:-56,,4twistslug:-1:-56,,,,,4twistx:8:-56,,,,4twistx:8:-56,,4twistx:8:-56,
5ogstairs:1:-52,,5ogstairs:-1:-60,,5ogstairs:1:-20,,5ogstairs:1:-68,,,,,,5ogturn:0:-20,,5ogtsect:0:-20,,5ogstairs:2:-28,,5ogturn:2:-28,,,,,,,,,,,,4twistx:8:-56,,,0end:1,,,,,0turn:1,0turn:2,,,,0end:1,4twisttzin:0:-56,4twistturn2:0:-56,4twistx:8:-56,,,4twistx:8:-56,4twistx:8:-56,,1entry:-1:24,,,,4twistx:8:-56,4twistphot5:0:-56,,4twistphot6:0:-56,,4twistturn2:2:-56,4twistz:8:-56,4twisttxde:0:-56,4twisttxin:0:-56,4twistz:8:-56,4twistz:8:-56,4twistturn2:0:-56,4twistx:8:-56,4twistslug:-1:-56,,,4twistx:8:-56,,4twistx:8:-56,
,,,,,,,,,,,,,,,,,,,,,,,,,,,,,,4twistx:8:-56,,,0turn:0,0end:2,0forgegen:0,0shaft:0,0end:0,0turn:-1,0turn:0,0end:2,0shaft:0,0end:0,0turn:-1,4twistx:8:-56,4twistx:8:-56,4twistx:8:-56,4compression:-1:-61,,4twisttzin:0:-56,4twistturn1:0:-56,,,,,,4twistx:8:-56,,,,,,,4twistx:8:-56,,,,4twistturn2:2:-56,4twistturn1:0:-56,,4twisttzin:0:-56,4twistz:8:-56,4twistturn1:0:-56,,4twistx:8:-56,
5ogstairs:1:-44,,5ogstairs:1:-60,,5oggen:-1:-20,,5ogstairs:1:-60,,,,5ogaura4:-1:-29,,5ogaura3:-1:-29,,5ogtsect:-1:-20,,5ogturn:1:-20,,,,,,,,,,,,,,4twistx:8:-56,,,,,,,,,,,,,,4twistx:8:-56,4twistx:8:-56,4twistx:8:-56,,4twistturn2:2:-56,4twisttzde:0:-56,,,,4twistturn1:2:-56,4twistz:8:-56,4twistz:8:-56,4twistturn1:0:-56,4twistphot3:0:-56,,4twistphot4:0:-56,,,,4twistx:8:-56,,,,,,,4twistturn2:2:-56,4twistz:8:-56,4twistturn2:0:-56,,4twistx:8:-56,
,,,,,,,,,,,,,,,,,,,,,,,,,,,,,,4twistx:8:-56,,,,,,,,,,,4twistturn1:2:-56,4twistz:8:-56,4twistz:8:-56,4twisttxin:0:-56,4twisttzde:0:-56,4twistx:8:-56,,,4twistx:8:-56,,,,4twistx:8:-56,,,,,,,,,,4twistx:8:-56,,4twistslug:-1:-56,,,4twistslug:-1:-56,,,,4twisttzin:0:-56,4twistz:8:-56,4twisttxin:0:-56,4twistturn2:0:-56
5ogstairs:1:-36,,5ogstairs:1:-52,,5ogstairs:-1:-28,,5ogstairs:1:-52,,,,5ogaura2:-1:-29,,5ogaura1:-1:-29,,5ogturn:-1:-20,,5ogturn:2:-20,,,,,,,,,,,,,,4twistx:8:-56,,,,,,4twistturn1:2:-56,4twistz:8:-56,4twistz:8:-56,4twistz:8:-56,4twistz:8:-56,4twistturn1:0:-56,,,,4twistx:8:-56,4twistx:8:-56,,4twistturn1:2:-56,4twistturn1:0:-56,,,,4twistx:8:-56,,,4twistturn1:2:-56,4twistphot1:0:-56,,4twistphot2:0:-56,,4twistslug:-1:-56,,4twistx:8:-56,,,4twisttzin:0:-56,4twistz:8:-56,4twisttxde:0:-56,4twisttxin:0:-56,4twistz:8:-56,4twistturn2:0:-56,4twistx:8:-56,,,4twistx:8:-56
,,,,,,,,,,,,,,,,,,,,,,,,,,,,4twistturn1:2:-56,4twistz:8:-56,4twisttxin:0:-56,4twistz:8:-56,4twistz:8:-56,4twistz:8:-56,4twistz:8:-56,4twistz:8:-56,4twisttxin:0:-56,4twistz:8:-56,4twistz:8:-56,4twistz:8:-56,4twistz:8:-56,4twistz:8:-56,4twistz:8:-56,4twistz:8:-56,4twistz:8:-56,4twisttxin:0:-56,4twisttzde:0:-56,,4twistx:8:-56,,,,,4twistx:8:-56,,,4twistx:8:-56,,,,,4twistturn1:2:-56,4twisttxin:0:-56,4twisttxin:0:-56,4twistz:8:-56,4twistz:8:-56,4twistturn1:0:-56,,4twistx:8:-56,,4twistturn1:2:-56,4twistturn1:0:-56,4twistx:8:-56,,,4twistx:8:-56
5ogstairs:1:-28,,5ogstairs:1:-44,,5ogstairs:-1:-36,,5ogstairs:1:-44,,,,5ogturn:-1:-20,,5ogstairs:0:-20,,5ogstairs:0:-12,,5ogstairs:0:-4,,5ogturn:1:4,,,,,,,,,,4twistturn2:2:-56,4twistz:8:-56,4twistz:8:-56,4twistz:8:-56,4twistz:8:-56,4twistz:8:-56,4twistz:8:-56,4twistz:8:-56,4twistz:8:-56,4twisttxde:0:-56,4twistz:8:-56,4twistz:8:-56,4twistz:8:-56,4twistz:8:-56,4twistz:8:-56,4twistturn2:0:-56,,,4twistx:8:-56,,4twisttzin:0:-56,4twistz:8:-56,4twistz:8:-56,4twistz:8:-56,4twistz:8:-56,4twisttxin:0:-56,4twistz:8:-56,4twistz:8:-56,4twisttxin:0:-56,4twistz:8:-56,4twistz:8:-56,4twistz:8:-56,4twistz:8:-56,4twisttxin:0:-56,4twistz:8:-56,4twistz:8:-56,4twistz:8:-56,4twistz:8:-56,4twistz:8:-56,4twistz:8:-56,4twisttzde:0:-56,,4twistx:8:-56,,4twistx:8:-56,,,4twistx:8:-56
,,,,,,,,,,,,,,,,,,,,,,,,,,,,,,,,,,,,,4twistx:8:-56,,,,,,4twistx:8:-56,,,4twistturn2:2:-56,4twistz:8:-56,4twisttxin:0:-56,4twistz:8:-56,4twisttxde:0:-56,4twistz:8:-56,4twistz:8:-56,4twistz:8:-56,4twistz:8:-56,4twistz:8:-56,4twistz:8:-56,4twisttxde:0:-56,4twistz:8:-56,4twistz:8:-56,4twistz:8:-56,4twistz:8:-56,4twisttxde:0:-56,4twistz:8:-56,4twistz:8:-56,4twistz:8:-56,4twistz:8:-56,4twistz:8:-56,4twisttzde:0:-56,,4twistx:8:-56,,4twistx:8:-56,,,4twistx:8:-56
5ogstairs:1:-20,,5ogturn:-1:-36,,5ogtsect:2:-36,,5ogtsect:2:-36,,5ogstairs:0:-36,,5ogstairs:0:-28,,5ogstairs:0:-20,,5ogstairs:0:-12,,5ogstairs:0:-4,,5ogtsect:1:4,,12sun2:-1:-65,,12sun1:-1:-65,,,,,,,,,,,,,,,4twistturn2:2:-56,4twistz:8:-56,4twistz:8:-56,4twistz:8:-56,4twistturn2:0:-56,,4twistx:8:-56,,,,,,,4twistx:8:-56,,,,,,,4twistx:8:-56,,,,,4twistx:8:-56,,,,,,4twistx:8:-56,4twistturn1:2:-56,4twisttxin:0:-56,4twistturn2:0:-56,4twistx:8:-56,,4twistturn1:2:-56,4twistturn1:0:-56
,,,,,,,,,,,,,,,,,,,,,,,,,,,,,,,,,,,,,,,,,4twistx:8:-56,,4twistx:8:-56,,,,,,,4twistx:8:-56,,4twistturn1:2:-56,4twistz:8:-56,4twistz:8:-56,4twistz:8:-56,4twistz:8:-56,4twisttxin:0:-56,4twistz:8:-56,4twistturn2:0:-56,,,4twistturn2:2:-56,4twistz:8:-56,4twisttxde:0:-56,4twistz:8:-56,4twistturn2:0:-56,,4twistx:8:-56,4twistx:8:-56,,4twistx:8:-56,4twistx:8:-56,,4twistx:8:-56,
5ogstairs:1:-12,,,,,,,,,,,,,,,,,,5ogstairs:-1:-4,,12exo2:-1:-65,,12exo1:-1:-65,,12manup4:-1:-57,,12manup3:-1:-57,,,,,,,,,,,,4twistturn1:2:-56,4twistz:8:-56,4twistturn2:0:-56,4twistx:8:-56,,4twistturn2:2:-56,4twistz:8:-56,4twistz:8:-56,4twisttxde:0:-56,4twistz:8:-56,4twistz:8:-56,4twistz:8:-56,4twisttxin:0:-56,4twistz:8:-56,4twisttzde:0:-56,,,,,,,4twistx:8:-56,,,,,4twistx:8:-56,,4twistx:8:-56,,4twistturn2:2:-56,4twisttxin:0:-56,4twistz:8:-56,4twisttxin:0:-56,4twistturn1:0:-56,,4twistx:8:-56,
,,,,,,,,,,,,,,,,,,,,,,,,,,,,,,,,,,,,,,4twistx:8:-56,,4twistx:8:-56,4twistx:8:-56,,,,,4twistturn2:2:-56,4twistz:8:-56,4twistturn2:0:-56,,,,4twistx:8:-56,,,,,,,4twistx:8:-56,,,,,4twistx:8:-56,,4twistx:8:-56,,,,,,,,4twistx:8:-56,
5ogstairs:1:-4,,,,,,,,,,,,,,,,,,5ogstairs:-1:-12,,12serp5:-1:-65,,12serp6:-1:-65,,12manup2:-1:-57,,12manup1:-1:-57,,12manent3:-1:-65,,12manent2:-1:-65,,12manent1:-1:-65,,4twistz:8:-56,4twistz:8:-56,4twistz:8:-56,4twistz:8:-56,4twistturn1:0:-56,,4twistx:8:-56,4twistturn2:2:-56,4twistz:8:-56,4twistz:8:-56,4twistz:8:-56,4twisttxde:0:-56,4twistz:8:-56,4twistz:8:-56,4twisttxin:0:-56,4twistz:8:-56,4twistz:8:-56,4twistz:8:-56,4twistturn1:0:-56,,,,,,,4twistx:8:-56,,,4twistslug:-1:-56,,4twisttzin:0:-56,4twistturn2:0:-56,4twistx:8:-56,,,,,,,,4twisttzin:0:-56,
,,,,,,,,,,,,,,,,,,,,,,,,,,,,,,,,,,,,,,,,4twistturn2:2:-56,4twistz:8:-56,4twistz:8:-56,4twistz:8:-56,4twistz:8:-56,4twistturn1:0:-56,,,,,,,,,,,,,,4twistturn2:2:-56,4twistz:8:-56,4twistz:8:-56,4twistz:8:-56,4twisttxin:0:-56,4twistturn1:0:-56,4twistx:8:-56,4twistturn2:2:-56,4twistz:8:-56,4twisttxde:0:-56,4twistz:8:-56,4twistz:8:-56,4twistz:8:-56,4twistz:8:-56,4twistz:8:-56,4twistturn1:0:-56,
5ogfyre:-1:4,,5ogstairs:0:4,,5ogstairs:0:12,,5ogstairs:0:20,,5ogstairs:2:20,,5ogstairs:2:12,,5ogstairs:2:4,,5ogstairs:2:-4,,5ogstairs:2:-12,,5ogturn:2:-12,,12serp4:-1:-65,,12serp3:-1:-65,,12serp2:-1:-65,,12serp1:-1:-57,,,,,,,,,,,,,,,,,,,,,,,,,,,,,,,,,,,,,,,4twistturn2:2:-56,4twistz:8:-56,4twistgen:8:-56,4twistturn1:0:-56,,,,,,,